,class_edible,class_poisonous,odor_almond,odor_anise,odor_creosote,odor_fishy,odor_foul,odor_musty,odor_none,odor_pungent,odor_spicy,gill-size_broad,gill-size_narrow,gill-color_black,gill-color_brown,gill-color_buff,gill-color_chocolate,gill-color_gray,gill-color_green,gill-color_orange,gill-color_pink,gill-color_purple,gill-color_red,gill-color_white,gill-color_yellow,stalk-surface-above-ring_fibrous,stalk-surface-above-ring_scaly,stalk-surface-above-ring_silky,stalk-surface-above-ring_smooth,spore-print-color_black,spore-print-color_brown,spore-print-color_buff,spore-print-color_chocolate,spore-print-color_green,spore-print-color_orange,spore-print-color_purple,spore-print-color_white,spore-print-color_yellow,stalk-surface-below-ring_fibrous,stalk-surface-below-ring_scaly,stalk-surface-below-ring_silky,stalk-surface-below-ring_smooth,bruises_bruises,bruises_no_bruises,gill-spacing_close,gill-spacing_crowded,population_abundant,population_clustered,population_numerous,population_scattered,population_several,population_solitary,stalk-root_bulbous,stalk-root_club,stalk-root_equal,stalk-root_missing,stalk-root_rooted,stalk-shape_enlarging,stalk-shape_tapering,ring-type_evanescent,ring-type_flaring,ring-type_large,ring-type_none,ring-type_pendant
class_edible,1.0,-0.9999999999999999,0.21952922241349945,0.21952922241349965,-0.1612782437795086,-0.28635964804701064,-0.6238419598140377,-0.06915876083185807,0.7855566222367,-0.1869839504781082,-0.2863596480470111,0.5400243574330165,-0.5400243574330168,0.1496406401882171,0.2889429010221711,-0.5388081615534457,-0.1506943485129282,-0.12028463137353655,-0.05642604818907654,0.08596188733731128,0.05037972297502928,0.195359171213595,0.10549100033272472,0.23131622231268614,0.04682810363234027,0.11950320307201834,0.016198352236787953,-0.5876582576306926,0.49131418071169586,0.3968322009032903,0.41664529710725307,0.07437139702538009,-0.4902291705695347,-0.09802365435296356,0.07437139702538002,0.07437139702538051,-0.3573840060325176,0.07437139702538001,0.13678187461175828,0.08167385587597348,-0.5735240117095758,0.4254440458550034,0.5015303774075603,-0.5015303774075575,-0.3483867851842733,0.3483867851842751,0.21487139719906026,0.1376448547202147,0.21952922241349798,0.1595715965399437,-0.4437223790553417,0.10705486060476398,-0.017711782062166736,0.2185476001698841,0.20283885998342333,-0.3020011029737894,0.15008688275678653,-0.1020190170165598,0.10201901701655966,-0.22328591679316376,0.0743713970253801,-0.45161906631733206,-0.06915876083185807,0.5404689127747067
class_poisonous,-0.9999999999999999,1.0,-0.21952922241349918,-0.21952922241349934,0.16127824377950875,0.2863596480470102,0.6238419598140379,0.06915876083185794,-0.7855566222366999,0.1869839504781082,0.2863596480470107,-0.5400243574330158,0.5400243574330161,-0.14964064018821704,-0.28894290102217096,0.5388081615534445,0.15069434851292832,0.12028463137353682,0.05642604818907659,-0.08596188733731128,-0.050379722975029115,-0.19535917121359506,-0.10549100033272456,-0.2313162223126861,-0.04682810363234032,-0.1195032030720183,-0.016198352236787995,0.5876582576306927,-0.49131418071169614,-0.39683220090329024,-0.416645297107253,-0.07437139702538006,0.490229170569535,0.09802365435296358,-0.07437139702538005,-0.07437139702538043,0.3573840060325164,-0.07437139702538006,-0.13678187461175825,-0.08167385587597321,0.5735240117095761,-0.4254440458550031,-0.5015303774075601,0.5015303774075575,0.3483867851842734,-0.348386785184275,-0.21487139719906037,-0.13764485472021473,-0.2195292224134979,-0.15957159653994354,0.44372237905534134,-0.1070548606047637,0.017711782062167232,-0.21854760016988373,-0.2028388599834232,0.3020011029737887,-0.1500868827567863,0.10201901701656099,-0.1020190170165608,0.22328591679316287,-0.07437139702538,0.451619066317332,0.06915876083185794,-0.5404689127747064
odor_almond,0.21952922241349945,-0.21952922241349918,1.0,-0.051786639047124584,-0.035405287449130365,-0.06286431086636349,-0.1369515403468895,-0.015182368988498982,-0.19938071143823216,-0.04104844125226313,-0.06286431086636346,0.09316397019134147,-0.09316397019134157,0.11438514290960577,0.10251319176997459,-0.11828413673587446,-0.07161160781027887,0.05294939694836853,-0.012387166482814614,-0.02027828998073893,-0.037410501278845334,-0.05777929436062343,-0.024885180646524917,0.08463055901736241,-0.023538787475282697,-0.06144309720066007,-0.012387166482814614,-0.14613584891677636,0.17174158586853486,0.11325278279085095,0.13690638018322238,-0.017544109393916603,-0.11409843425508655,-0.021519056618235586,-0.01754410939391663,0.16061632150130595,-0.1468322497323402,-0.017544109393916627,-0.06426286666859908,0.25404116218504447,-0.14318206056675034,0.0710341127934763,0.26987521372322343,-0.26987521372322165,0.025661919850044235,-0.02566191985004366,-0.050687864540146794,-0.04756055435362713,0.2847850854479527,0.1807373430217416,-0.17172075756204902,-0.05062889175951031,-0.1573185072966651,0.5151257519294179,-0.09100071523430567,-0.1508485711932819,0.32413540659678775,0.20540354624231227,-0.20540354624231263,-0.16395433148074443,-0.017544109393916544,-0.09914358245575416,-0.015182368988498982,0.23289534106348597
odor_anise,0.21952922241349965,-0.21952922241349934,-0.051786639047124584,1.0,-0.03540528744913039,-0.06286431086636356,-0.13695154034688964,-0.015182368988498993,-0.19938071143823224,-0.04104844125226344,-0.06286431086636353,0.09316397019134173,-0.0931639701913417,0.11438514290960591,0.10251319176997467,-0.11828413673587455,-0.07161160781027863,0.05294939694836844,-0.012387166482814623,-0.02027828998073895,-0.0374105012788453,-0.05777929436062345,-0.024885180646524944,0.08463055901736256,-0.023538787475282718,-0.061443097200660594,-0.01238716648281463,-0.14613584891677645,0.1717415858685349,0.11325278279085105,0.1369063801832225,-0.017544109393916617,-0.11409843425508667,-0.021519056618235596,-0.017544109393916648,0.16061632150130606,-0.14683224973234035,-0.017544109393916648,-0.06426286666859907,0.25404116218504474,-0.14318206056675042,0.07103411279347639,0.26987521372322376,-0.2698752137232221,0.025661919850044516,-0.025661919850043707,-0.05068786454014655,-0.04756055435362717,0.28478508544795417,0.18073734302174183,-0.1717207575620492,-0.05062889175951028,-0.1573185072966653,0.5151257519294187,-0.09100071523430592,-0.15084857119328207,0.3241354065967882,0.2054035462423126,-0.2054035462423129,-0.16395433148074484,-0.017544109393916565,-0.09914358245575422,-0.015182368988498993,0.23289534106348586
odor_creosote,-0.1612782437795086,0.16127824377950875,-0.035405287449130365,-0.03540528744913039,1.0,-0.042978826922705986,-0.09363049508137322,-0.010379822828575665,-0.13631182733946037,-0.028063838252808424,-0.042978826922706014,-0.23254567956884714,0.23254567956884714,-0.035776119593387265,0.05616143886714234,-0.08086803737147098,-0.04895914478848631,0.08451391542453654,-0.008468809678982702,-0.013863782221733569,0.026658846647903564,0.12356519224293755,-0.017013403268205364,-0.06483293728299257,-0.016092906434958525,-0.04200717710555816,-0.00846880967898265,-0.09990958735153295,0.11741561774479509,0.0995957874181184,0.09359962015677344,-0.011994488299681897,-0.07800637262095571,-0.014712064718264885,-0.011994488299681902,-0.011994488299681947,-0.10038569994560174,-0.011994488299681876,-0.04393498610010984,-0.029611499502315473,-0.09789015285026327,0.12503478234288848,-0.13119132713477355,0.13119132713477358,-0.1431158447132445,0.1431158447132449,-0.03465408157871383,-0.03251601434489316,-0.03540528744913008,0.1494542013084565,0.0008426522662889754,-0.08039228723434781,0.16695062009925918,-0.04217024223264619,-0.06221501414708892,-0.10313156294094608,-0.024205748865355637,0.1781111318945737,-0.17811113189457353,-0.11209165803023725,-0.011994488299681904,-0.06778209785709881,-0.010379822828575665,0.1592249786361353
odor_fishy,-0.28635964804701064,0.2863596480470102,-0.06286431086636349,-0.06286431086636356,-0.042978826922705986,1.0,-0.1662468228177469,-0.018430027152607848,-0.24203020808521583,-0.04982910686892935,-0.0763116057233703,-0.4128994549768808,0.4128994549768808,-0.06352274662201934,-0.1063119355597775,0.5314686533726637,-0.08693003558174166,-0.0882290398362419,-0.01503690331825602,-0.024616015803369265,-0.1310259896842934,-0.07013885413610267,-0.030208365727406098,-0.11511495082742493,-0.028573965804516693,-0.07458638046580945,-0.015036903318255994,0.12639072921991362,-0.07878065972896191,-0.15116064399628,-0.1561919106125688,-0.02129696707695234,-0.13850521239368135,-0.02612219463728098,-0.021296967076952323,-0.02129696707695236,0.42813694526208135,-0.021296967076952323,-0.07800932637745078,-0.052577076590814474,0.1326207369872528,-0.06086393074111733,-0.23293843846969894,0.23293843846969844,0.1212341282170494,-0.12123412821705033,-0.061530497677292316,-0.05773422506029419,-0.06286431086636303,-0.11768866992334301,0.27774578704518166,-0.14274155359476295,-0.2574343653060625,-0.07487591283736424,-0.11046666392744794,0.4167378608168292,-0.0429788269227062,-0.2413034293002295,0.24130342930022916,0.38342573995214196,-0.021296967076952347,-0.12035137059641607,-0.018430027152607848,-0.2699251542744577
odor_foul,-0.6238419598140377,0.6238419598140379,-0.1369515403468895,-0.13695154034688964,-0.09363049508137322,-0.1662468228177469,1.0,-0.04015029469662342,-0.5272691190111161,-0.10855400855847247,-0.16624682281774658,0.055394053137534205,-0.05539405313753379,-0.1383859598086447,-0.2316033235951879,0.0793601549408056,0.32439406178711755,0.22308543273487644,-0.03275828595115152,-0.053626632265822136,0.0944846160204782,-0.15279932253651207,-0.06580971239031048,-0.17544928167862017,-0.06224912954294012,-0.0030613751738233484,-0.03275828595115145,0.5841886518573794,-0.5471070571343684,-0.3293074043096715,-0.3402681498185379,-0.04639599807442129,0.7997515343521038,-0.05690788212761695,-0.046395998074421234,-0.04639599807442126,-0.03603346960729849,-0.04639599807442129,-0.016541347548826846,-0.11454053224818199,0.6004492781829115,-0.5023388183948958,-0.34464156768894083,0.3446415676889387,0.26411170938041834,-0.26411170938041933,-0.1340457935366428,-0.12577551465647108,-0.136951540346889,-0.14512208924757034,0.1637439961824124,0.13172469952886243,0.3240204513196044,-0.16311912843131485,-0.24065450767457572,-0.050444610058073866,-0.0936304950813735,0.2030977268686293,-0.203097726868629,-0.09521329313563415,-0.046395998074421185,0.7239318535931046,-0.04015029469662342,-0.42751382777064745
odor_musty,-0.06915876083185807,0.06915876083185794,-0.015182368988498982,-0.015182368988498993,-0.010379822828575665,-0.018430027152607848,-0.04015029469662342,1.0,-0.05845275124902519,-0.01203423494866027,-0.018430027152607876,0.04463562964412196,-0.044635629644122016,-0.015341387904952852,-0.025675411235816126,-0.034677543135709164,-0.020994485713698198,-0.021308208422778335,-0.0036315647380189588,-0.005945017607016268,-0.0316441060922311,-0.016939245006415728,-0.007295626861924378,0.06614982215383089,0.3190463850853358,-0.0180133677462199,-0.0036315647380189514,0.10389215993910697,-0.08840240359793047,-0.03650682942455705,-0.03772193136706276,-0.005143433659609445,-0.03345041427180344,-0.006308775079323964,-0.005143433659609438,-0.0051434336596094385,0.10339941679143917,-0.005143433659609433,-0.018840043918152933,0.35053350904313335,-0.04197690593668018,-0.08301548284469076,-0.05625699662833687,0.05625699662833678,0.02927927218518325,-0.029279272185183586,-0.01486023956849701,0.3192218676765942,-0.01518236898849885,-0.028423008029789937,-0.06635573971679992,-0.03447353366004788,-0.06217301153122116,0.24614093443694168,-0.0266788202966272,-0.04422450870310645,-0.01037982282857571,0.07637697983014254,-0.07637697983014252,-0.048066744697182466,-0.005143433659609438,-0.029066077262036034,1.0,-0.06518966381710702
odor_none,0.7855566222367,-0.7855566222366999,-0.19938071143823216,-0.19938071143823224,-0.13631182733946037,-0.24203020808521583,-0.5272691190111161,-0.05845275124902519,1.0,-0.15803820388612447,-0.24203020808521558,0.4572113176395845,-0.4572113176395851,0.04413936872648525,0.19031891095105324,-0.45539883970448336,-0.09877449233089693,-0.1564385691235652,0.06212820885962215,0.10170637788611214,0.06931348233963508,0.23981853490202232,0.12481237762176436,0.19444922930509234,0.07438128553183927,0.16606670920607863,0.06212820885962188,-0.46649852163731387,0.34719150685592787,0.28486832846194476,0.2836490200562549,0.08799301229974581,-0.4095323034709286,0.10792948055510414,0.08799301229974571,-0.06754554991155456,-0.22515399603071534,0.08799301229974583,0.18557786044502375,-0.0910378889278981,-0.4719199528950612,0.3704828081693169,0.2851708943942537,-0.2851708943942538,-0.3713325142872787,0.3713325142872794,0.25422652058220874,0.19389594742727428,-0.03409817065004978,-0.009619648087352184,-0.27538570263734397,0.13672400003753785,0.13154947708887377,-0.2296085176581812,0.2720115011812874,-0.17525155074234933,-0.13631182733946093,-0.24805211787217613,0.24805211787217638,-0.08248485837039504,0.0879930122997457,-0.38170691066812096,-0.05845275124902519,0.3521508627244127
odor_pungent,-0.1869839504781082,0.1869839504781082,-0.04104844125226313,-0.04104844125226344,-0.028063838252808424,-0.04982910686892935,-0.10855400855847247,-0.01203423494866027,-0.15803820388612447,1.0,-0.0498291068689296,-0.2696105117057552,0.26961051170575523,0.16499855309932718,0.06511285997303944,-0.09375737694540844,-0.0567626115590424,-0.05761082096581763,-0.009818630538836576,-0.016073493284884444,0.030907928711264836,-0.04579849192377549,-0.019725123982100166,0.05184111171623619,-0.01865791162754102,-0.048702588393567114,-0.009818630538836534,-0.11583390850391244,0.1361301781272162,0.1154700928407782,0.10851821256245212,-0.0139062576183813,-0.09043959912581098,-0.01705698125329086,-0.013906257618381292,-0.013906257618381835,-0.11638590740732915,-0.01390625761838131,-0.05093766569302848,-0.03433119698459283,-0.1134926017539731,0.1449637409346228,0.21391534688858083,-0.21391534688857972,0.07916211792197966,-0.07916211792197891,-0.04017750269303057,-0.03769865465749447,-0.041048441252263194,0.17327530559181567,0.0009769603508676,-0.09320579826997769,-0.16809663980956444,-0.048891644033891214,0.45107822665538855,-0.11956942614060004,-0.028063838252808723,0.2064997874809837,-0.20649978748098374,-0.12995764675357815,-0.013906257618381346,-0.07858570463069654,-0.01203423494866027,0.18460342091076043
odor_spicy,-0.2863596480470111,0.2863596480470107,-0.06286431086636346,-0.06286431086636353,-0.042978826922706014,-0.0763116057233703,-0.16624682281774658,-0.018430027152607876,-0.24203020808521558,-0.0498291068689296,1.0,-0.4128994549768795,0.4128994549768795,-0.0635227466220192,-0.10631193555977735,0.5314686533726637,-0.08693003558174159,-0.08822903983624213,-0.015036903318256032,-0.024616015803369327,-0.13102598968429335,-0.07013885413610242,-0.030208365727406126,-0.11511495082742493,-0.028573965804516734,-0.07458638046580965,-0.015036903318256013,0.12639072921991343,-0.07878065972896225,-0.15116064399627963,-0.1561919106125682,-0.0212969670769524,-0.13850521239368105,-0.02612219463728094,-0.0212969670769524,-0.02129696707695238,0.42813694526208157,-0.021296967076952392,-0.07800932637745067,-0.05257707659081455,0.13262073698725313,-0.060863930741117366,-0.23293843846969892,0.23293843846969842,0.12123412821704901,-0.12123412821704986,-0.06153049767729235,-0.057734225060294145,-0.06286431086636309,-0.11768866992334316,0.27774578704518227,-0.14274155359476304,-0.25743436530606245,-0.07487591283736401,-0.11046666392744792,0.4167378608168278,-0.042978826922706236,-0.24130342930022963,0.24130342930022938,0.3834257399521417,-0.021296967076952368,-0.12035137059641568,-0.018430027152607876,-0.26992515427445823
gill-size_broad,0.5400243574330165,-0.5400243574330158,0.09316397019134147,0.09316397019134173,-0.23254567956884714,-0.4128994549768808,0.055394053137534205,0.04463562964412196,0.4572113176395845,-0.2696105117057552,-0.4128994549768795,1.0,-1.0,0.046531219880510476,0.12399048581318502,-0.7769027436644605,0.19937350049168998,0.14751606890839533,0.03641783280895354,0.05961745772889828,0.19351822330295282,0.10287279399913073,0.07316155389233357,0.12877170756624096,0.05879350981206028,0.15524030889015875,-0.0028415188019724285,-0.09522456939346101,0.009115676236101999,0.19406411238423596,0.17935572671274178,0.05157906318414713,0.3035378458616415,0.06326526790582394,0.05157906318414705,-0.11523156950216384,-0.6346796420712996,0.05157906318414704,0.1156086570761115,0.06933412508905021,-0.08956922281344364,-0.005319676687249633,0.369595784189305,-0.3695957841893049,-0.10833297981843405,0.10833297981843523,0.1490205349889295,0.11854592439103331,0.1522508933073871,0.11957707471342936,-0.5064750538441868,0.2986850865185116,0.4397838652660129,0.17290329557049486,-0.004394064653877504,-0.6021460899030584,0.10409029705576274,0.21457620553119783,-0.2145762055311973,-0.5377722310885467,-0.11523156950216246,0.29147863758540116,0.04463562964412196,0.30846586162962364
gill-size_narrow,-0.5400243574330168,0.5400243574330161,-0.09316397019134157,-0.0931639701913417,0.23254567956884714,0.4128994549768808,-0.05539405313753379,-0.044635629644122016,-0.4572113176395851,0.26961051170575523,0.4128994549768795,-1.0,1.0,-0.04653121988051049,-0.1239904858131851,0.7769027436644607,-0.19937350049168978,-0.14751606890839528,-0.03641783280895352,-0.059617457728898274,-0.19351822330295285,-0.10287279399913085,-0.07316155389233349,-0.128771707566241,-0.0587935098120603,-0.15524030889015866,0.0028415188019724055,0.09522456939346118,-0.009115676236102143,-0.19406411238423618,-0.17935572671274197,-0.05157906318414715,-0.3035378458616412,-0.06326526790582387,-0.05157906318414706,0.1152315695021638,0.6346796420712992,-0.051579063184147046,-0.11560865707611141,-0.06933412508905033,0.08956922281344373,0.005319676687249472,-0.3695957841893052,0.3695957841893051,0.10833297981843414,-0.1083329798184352,-0.14902053498892948,-0.11854592439103324,-0.15225089330738717,-0.11957707471342942,0.5064750538441869,-0.29868508651851133,-0.43978386526601265,-0.172903295570495,0.004394064653877442,0.6021460899030584,-0.10409029705576289,-0.21457620553119744,0.2145762055311969,0.5377722310885468,0.11523156950216251,-0.29147863758540093,-0.044635629644122016,-0.30846586162962397
gill-color_black,0.1496406401882171,-0.14964064018821704,0.11438514290960577,0.11438514290960591,-0.035776119593387265,-0.06352274662201934,-0.1383859598086447,-0.015341387904952852,0.04413936872648525,0.16499855309932718,-0.0635227466220192,0.046531219880510476,-0.04653121988051049,1.0,-0.08849540094780219,-0.11952303530774265,-0.07236166205333813,-0.07344296963869638,-0.01251690867216087,-0.02049068316540712,-0.10906769245278472,-0.058384470060783615,-0.025145826034946504,-0.09582314229272447,-0.02378533084949478,0.15291417219679557,-0.012516908672160884,-0.14766646409069487,0.06101408199209167,0.14720266749391528,0.1383403266410417,-0.017727864990166566,-0.11529349211450823,-0.02174444549326125,-0.01772786499016656,-0.017727864990166434,-0.1483701589526084,-0.017727864990166584,0.141942348893881,-0.043765824120012765,-0.1446817379981318,0.0739942636455492,0.02567686920424757,-0.025676869204245643,-0.19314640157849888,0.1931464015784996,0.20374523498764863,-0.04805869978962533,0.11438514290960512,0.20213703902136804,-0.17911037738441596,-0.10223637090217837,-0.21429162450619726,0.2233825361710334,0.3657870040031489,-0.1524285470427653,-0.03577611959338657,0.044842561823602786,-0.044842561823603064,0.06248843136634562,-0.017727864990166518,-0.10018200439553349,-0.015341387904952852,0.01885288770387486
gill-color_brown,0.2889429010221711,-0.28894290102217096,0.10251319176997459,0.10251319176997467,0.05616143886714234,-0.1063119355597775,-0.2316033235951879,-0.025675411235816126,0.19031891095105324,0.06511285997303944,-0.10631193555977735,0.12399048581318502,-0.1239904858131851,-0.08849540094780219,1.0,-0.20003425392095864,-0.12110478155153113,-0.12291446246817887,-0.020948350928218836,-0.03429329341218163,-0.1825361482035603,-0.09771249432470606,-0.042084160071534905,-0.16037001342489465,-0.039807229614705404,0.03617656451232991,-0.02094835092821888,-0.24713521454232004,0.21712075675161105,0.2045014153003977,0.21781328815241596,0.04699547008946906,-0.1929556726675054,-0.03639159531022811,0.04699547008946897,0.046995470089468805,-0.2483129212189317,0.04699547008946901,0.026115683037360626,0.05470859006300552,-0.242139964417129,0.18895607974800607,0.21198855488829715,-0.21198855488829557,-0.07858671834281648,0.07858671834281743,0.08040334116105023,-0.02174930122527947,0.021045488958645706,0.08860867723652294,-0.12717869903243062,0.03525261401844811,0.01832870336768807,0.08184431385361746,0.14434937473225562,-0.20407148160132066,0.09484027316323083,-0.045630343120060174,0.04563034312006012,-0.1286096616583853,-0.029669429309495877,-0.16766502334858638,-0.025675411235816136,0.25280712220692464
gill-color_buff,-0.5388081615534457,0.5388081615534445,-0.11828413673587446,-0.11828413673587455,-0.08086803737147098,0.5314686533726637,0.0793601549408056,-0.034677543135709164,-0.45539883970448336,-0.09375737694540844,0.5314686533726637,-0.7769027436644605,0.7769027436644607,-0.11952303530774265,-0.20003425392095864,1.0,-0.1635656873271628,-0.16600986582434593,-0.028293114227589577,-0.04631696647988117,-0.24653568719963362,-0.13197176106437497,-0.056839411949709186,-0.2165978183227053,-0.0537641601685974,-0.1403401310547475,-0.028293114227589587,0.23781408069478074,-0.14823199680550372,-0.28442062017585484,-0.2938873433482575,-0.04007191570340645,-0.2606084319644002,-0.04915096021470183,-0.040071915703406444,-0.040071915703406444,0.8055732780196003,-0.04007191570340648,-0.14678067254279045,-0.09892789773613929,0.24953632946299167,-0.11452026446880514,-0.43829196132544646,0.4382919613254454,0.2281115310333084,-0.22811153103331006,-0.11577446249524563,-0.10863147749903299,-0.11828413673587394,-0.22144047287925356,0.5226005057544336,-0.2685794405538957,-0.48438297098502753,-0.14088490894468844,-0.20785170155649596,0.7841250056277762,-0.0808680373714713,-0.4540313483569239,0.4540313483569231,0.7214456346935041,-0.04007191570340642,-0.2264505532596785,-0.034677543135709164,-0.5078853711531842
gill-color_chocolate,-0.1506943485129282,0.15069434851292832,-0.07161160781027887,-0.07161160781027863,-0.04895914478848631,-0.08693003558174166,0.32439406178711755,-0.020994485713698198,-0.09877449233089693,-0.0567626115590424,-0.08693003558174159,0.19937350049168998,-0.19937350049168978,-0.07236166205333813,-0.12110478155153113,-0.1635656873271628,1.0,-0.10050572910377885,-0.017129223374405898,-0.028041227928352654,-0.1492576894093615,-0.07989837231071026,-0.034411729155182126,-0.13113269831713026,-0.032549909552452315,0.16102728254290696,-0.017129223374405936,0.20638118256799717,-0.2774977796827823,-0.07419035040897015,-0.08159950590618786,-0.024260347927860203,0.42162149422360923,-0.029756985032180733,-0.02426034792786015,-0.024260347927860047,-0.20304259313226955,-0.024260347927860172,0.16755960250343094,-0.05989294938166554,0.21402127572253318,-0.26478466691809477,-0.18160790351083722,0.18160790351083644,-0.08619724208640711,0.08619724208640725,0.12438492919467534,-0.06576769275395579,-0.07161160781027864,0.037615838578394976,-0.08083688783785142,0.07140836335890306,0.16184446453556978,-0.08529457224059014,0.11357803202162414,-0.19739445033246764,-0.04895914478848594,0.11036407663197599,-0.11036407663197585,-0.05268731969934009,0.04305217480640763,0.37008898996833195,-0.020994485713698198,-0.2249219156721807
gill-color_gray,-0.12028463137353655,0.12028463137353682,0.05294939694836853,0.05294939694836844,0.08451391542453654,-0.0882290398362419,0.22308543273487644,-0.021308208422778335,-0.1564385691235652,-0.05761082096581763,-0.08822903983624213,0.14751606890839533,-0.14751606890839528,-0.07344296963869638,-0.12291446246817887,-0.16600986582434593,-0.10050572910377885,1.0,-0.017385187080054182,-0.02846025081424682,-0.1514880620563104,-0.08109230171456609,-0.034925947080875513,-0.13309222740138837,-0.033036306120787874,-0.08623438952672559,-0.017385187080054192,0.24327715138482192,-0.18294671773060864,-0.07391013416520012,-0.08145378235420911,-0.024622872744088038,0.29779854742197714,0.0785564106983093,-0.024622872744088052,-0.024622872744087934,-0.11657775137195815,-0.024622872744088038,-0.09019189020218252,-0.060787935740991436,0.2513257350279551,-0.16082858908293282,-0.13832078975985207,0.1383207897598521,0.001668438572990766,-0.0016684385729908932,-0.07113959507539291,-0.06675046599365773,0.14717272510444548,0.02412087097012961,-0.08321456781507455,0.07240713684803594,0.13154126147786066,0.12873399231659183,-0.09815169166862328,-0.12317745485842217,-0.049690746207389724,0.36563525057270274,-0.3656352505727029,-0.2301072427929711,-0.02462287274408789,0.36192869044714254,-0.021308208422778335,-0.040187914794029965
gill-color_green,-0.05642604818907654,0.05642604818907659,-0.012387166482814614,-0.012387166482814623,-0.008468809678982702,-0.01503690331825602,-0.03275828595115152,-0.0036315647380189588,0.06212820885962215,-0.009818630538836576,-0.015036903318256032,0.03641783280895354,-0.03641783280895352,-0.01251690867216087,-0.020948350928218836,-0.028293114227589577,-0.017129223374405898,-0.017385187080054182,1.0,-0.004850489597319118,-0.0258181585931189,-0.01382058677052369,-0.005952440268288218,-0.02268295064256098,-0.005630388158508995,-0.014696954431658202,-0.0029629629629629537,-0.0349551375209398,0.04107993210836163,-0.02978561344308433,-0.030777004843649904,-0.00419648403244306,-0.027291910163547685,0.5756370598661626,-0.004196484032443065,-0.004196484032443074,-0.035121713939102364,-0.004196484032443057,-0.015371432530357186,-0.010360107220368717,-0.03424860261695651,0.04374563170117398,0.06455312149013147,-0.06455312149013209,0.023888710604271033,-0.023888710604271092,-0.01212434381280845,-0.011376303147559233,-0.012387166482814535,-0.023190091920048398,0.054728720582697545,-0.02812666462140473,0.05841062944482466,-0.014754005652600313,-0.021767023896584237,-0.03608240270942239,-0.008468809678982742,0.062315332035945165,-0.06231533203594512,-0.03921725056886605,-0.004196484032443057,-0.023714766669150115,-0.003631564738018958,0.05570767703615538
gill-color_orange,0.08596188733731128,-0.08596188733731128,-0.02027828998073893,-0.02027828998073895,-0.013863782221733569,-0.024616015803369265,-0.053626632265822136,-0.005945017607016268,0.10170637788611214,-0.016073493284884444,-0.024616015803369327,0.05961745772889828,-0.059617457728898274,-0.02049068316540712,-0.03429329341218163,-0.04631696647988117,-0.028041227928352654,-0.02846025081424682,-0.004850489597319118,1.0,-0.04226536451627705,-0.022624856671254093,-0.00974438423999847,-0.0371329029432827,-0.009217171977204364,-0.024059505796772945,-0.004850489597319117,-0.05722296668488508,0.06724950188068674,-0.0487602477524643,0.0016128766809841732,0.2838091588094681,-0.044677955139499057,-0.00842629833188102,0.283809158809468,-0.006869813223829784,-0.05749565898430153,0.2838091588094679,-0.02516365358473175,-0.016959912401084326,-0.0560663406167392,0.07161335937946027,-0.07513950503633844,0.07513950503633837,0.03910678051929163,-0.039106780519292166,-0.019848038694192317,0.2038721780703907,-0.020278289980738787,-0.03796311362143585,0.0004826269814440858,-0.04604448177677506,-0.08304121430331358,-0.024152900941144754,-0.03563349400405509,0.13442812099795343,-0.013863782221733631,0.10201270605542079,-0.10201270605542075,-0.0642002172479129,-0.006869813223829782,-0.038822027298152324,-0.005945017607016268,0.09119570893470615
gill-color_pink,0.05037972297502928,-0.050379722975029115,-0.037410501278845334,-0.0374105012788453,0.026658846647903564,-0.1310259896842934,0.0944846160204782,-0.0316441060922311,0.06931348233963508,0.030907928711264836,-0.13102598968429335,0.19351822330295282,-0.19351822330295285,-0.10906769245278472,-0.1825361482035603,-0.24653568719963362,-0.1492576894093615,-0.1514880620563104,-0.0258181585931189,-0.04226536451627705,1.0,-0.12042745911832868,-0.0518673533161722,-0.19765080575421537,-0.049061110865806064,0.05384381997176114,-0.025818158593118787,0.03102608649243326,-0.054604581916034046,0.05148620194769366,0.0493947746843741,-0.03656660297054815,0.1906458561629555,-0.044851453099843355,-0.03656660297054817,0.02980227158993745,-0.2390471416084522,-0.03656660297054813,0.05568065460436883,0.020496859057931728,0.0401039778434802,-0.07455409213720429,0.043855849238537414,-0.04385584923853723,-0.08902119331234291,0.08902119331234329,0.03816605103480663,-0.09912887961763997,-0.03741050127884529,0.04478749587102757,-0.09916122417594433,0.1306323846463096,0.22087007892866378,-0.12856092451513051,0.06852010778803982,-0.23985521870383153,0.06014314939489947,0.06048921190612926,-0.06048921190612899,-0.21303033297236137,0.013210052949816005,0.16841572885827408,-0.0316441060922311,0.08093627695911694
gill-color_purple,0.195359171213595,-0.19535917121359506,-0.05777929436062343,-0.05777929436062345,0.12356519224293755,-0.07013885413610267,-0.15279932253651207,-0.016939245006415728,0.23981853490202232,-0.04579849192377549,-0.07013885413610242,0.10287279399913073,-0.10287279399913085,-0.058384470060783615,-0.09771249432470606,-0.13197176106437497,-0.07989837231071026,-0.08109230171456609,-0.01382058677052369,-0.022624856671254093,-0.12042745911832868,1.0,-0.027764848313179772,-0.1058034445538692,-0.02626265298253594,-0.06855318021999388,-0.013820586770523667,-0.16304642252451113,0.1916152086029063,0.15518144761098676,0.14552194441655605,-0.019574281699255073,-0.11184559044217965,-0.024009202558530753,-0.019574281699255052,-0.01957428169925518,-0.16382340957089642,-0.019574281699255038,-0.04802100871411659,-0.048324181766974644,-0.15975082717993155,0.1913667893260012,0.23827528844546975,-0.23827528844547044,0.07777066595389581,-0.07777066595389524,-0.05655337167394646,-0.053064174862785564,-0.05777929436062352,-0.07382076172265258,0.0013751576909945364,0.14971807569742052,0.2600371466421055,-0.06881929267541398,-0.10153115184334736,-0.1548573474886908,-0.039502322666358385,-0.15929062925409113,0.15929062925409151,-0.18292682735607987,0.06122930799827975,-0.11061629679162822,-0.016939245006415728,0.2474568620926986
gill-color_red,0.10549100033272472,-0.10549100033272456,-0.024885180646524917,-0.024885180646524944,-0.017013403268205364,-0.030208365727406098,-0.06580971239031048,-0.007295626861924378,0.12481237762176436,-0.019725123982100166,-0.030208365727406126,0.07316155389233357,-0.07316155389233349,-0.025145826034946504,-0.042084160071534905,-0.056839411949709186,-0.034411729155182126,-0.034925947080875513,-0.005952440268288218,-0.00974438423999847,-0.0518673533161722,-0.027764848313179772,1.0,-0.045568881722826325,-0.01131116035527072,-0.029525425890817303,-0.005952440268288207,-0.07022307425507816,0.08252747170887093,-0.05983776614507024,-0.0618294205019173,-0.00843052068223064,-0.05482804445640184,-0.010340613353963328,-0.008430520682230649,-0.008430520682230616,0.1694803470755771,-0.008430520682230632,-0.030880417716553584,-0.02081292279827832,-0.06880368195554869,0.08788272514867368,0.12968390243302647,-0.12968390243302774,0.04799119149844204,-0.04799119149844218,-0.024357183414052002,0.5232315094878035,-0.024885180646524688,-0.04658770247744297,-0.10876264244646121,-0.05650502324796673,-0.10190679889712508,-0.02964003886071791,-0.043728831977451595,0.16496795726781766,-0.017013403268205444,0.1251882984630976,-0.12518829846309756,0.1517811723653512,-0.008430520682230604,-0.04764174707514654,-0.007295626861924378,-0.10685134590022387
gill-color_white,0.23131622231268614,-0.2313162223126861,0.08463055901736241,0.08463055901736256,-0.06483293728299257,-0.11511495082742493,-0.17544928167862017,0.06614982215383089,0.19444922930509234,0.05184111171623619,-0.11511495082742493,0.12877170756624096,-0.128771707566241,-0.09582314229272447,-0.16037001342489465,-0.2165978183227053,-0.13113269831713026,-0.13309222740138837,-0.02268295064256098,-0.0371329029432827,-0.19765080575421537,-0.1058034445538692,-0.045568881722826325,1.0,-0.04310341313554778,-0.013324381044951285,0.10507376803475829,-0.1928747264755152,0.17749543718838623,0.05517940549046829,0.05568814036341951,-0.0321261660608179,-0.11548375021362162,0.04937092972258341,-0.032126166060817904,0.04025125298468525,-0.002526898450341584,-0.032126166060817925,-0.0063282634115320825,0.17361191544837762,-0.2252718457300569,0.14603589192564018,0.33520203273877336,-0.33520203273877425,0.005764862688590494,-0.005764862688590277,-0.0928178636442881,0.1310468737820903,0.0846305590173625,0.037833124411048955,-0.09966919257651999,0.027795648002688307,0.08988600306652694,0.09300237806040977,-0.10227977023855599,-0.09856668528144039,0.08122995303509699,0.08521433740698009,-0.08521433740698009,-0.16865383785398513,0.02215689822330952,-0.18154829762646132,0.06614982215383089,0.28082422016056063
gill-color_yellow,0.04682810363234027,-0.04682810363234032,-0.023538787475282697,-0.023538787475282718,-0.016092906434958525,-0.028573965804516693,-0.06224912954294012,0.3190463850853358,0.07438128553183927,-0.01865791162754102,-0.028573965804516734,0.05879350981206028,-0.0587935098120603,-0.02378533084949478,-0.039807229614705404,-0.0537641601685974,-0.032549909552452315,-0.033036306120787874,-0.005630388158508995,-0.009217171977204364,-0.049061110865806064,-0.02626265298253594,-0.01131116035527072,-0.04310341313554778,1.0,-0.027927975891877115,0.08301549052313259,-0.018807764448587908,0.023031249382273866,-0.0566002907630557,-0.013567800898203178,0.24312629076361242,-0.051861616135176626,-0.00978114258282484,0.24312629076361222,-0.007974393976228324,-0.008657435435330381,0.24312629076361222,-0.02920965694815707,0.12437604894089377,-0.06508111273424749,0.02893746427750261,-0.08722100540668241,0.08722100540668233,0.032320847516787654,-0.03232084751678826,-0.02303935711874829,0.30272141223572374,-0.02353878747528257,-0.04406711139271438,-0.025900746465856456,-0.0534478633051651,-0.09639321151003062,0.07675881717200089,-0.04136291783774208,0.09858455875525005,-0.01609290643495859,0.11841508381120047,-0.1184150838112005,-0.06437900248655432,-0.007974393976228318,-0.04506412773457786,0.3190463850853358,0.052923500299276754
stalk-surface-above-ring_fibrous,0.11950320307201834,-0.1195032030720183,-0.06144309720066007,-0.061443097200660594,-0.04200717710555816,-0.07458638046580945,-0.0030613751738233484,-0.0180133677462199,0.16606670920607863,-0.048702588393567114,-0.07458638046580965,0.15524030889015875,-0.15524030889015866,0.15291417219679557,0.03617656451232991,-0.1403401310547475,0.16102728254290696,-0.08623438952672559,-0.014696954431658202,-0.024059505796772945,0.05384381997176114,-0.06855318021999388,-0.029525425890817303,-0.013324381044951285,-0.027927975891877115,1.0,-0.01469695443165813,-0.17338524636293898,-0.35776481793811615,0.07527164907034192,0.06653614069578843,-0.02081549292682391,0.0404217572568335,-0.025531633482867258,-0.0208154929268239,-0.020815492926823918,-0.1484432727438647,-0.020815492926823866,0.4399378024594852,-0.05138843300713754,-0.1698806763031658,-0.05948794094777392,-0.08474962293716622,0.0847496229371678,-0.42382091789676357,0.42382091789676435,0.3824083853452237,-0.05642899052413726,-0.06144309720066049,0.24308803302400028,-0.1746273737501983,-0.13951450403616972,-0.086857488637804,-0.0731831452067342,0.436839656611531,-0.17897673208672812,-0.042007177105557875,-0.21215482332622518,0.2121548233262252,0.2262486074929355,-0.020815492926823918,-0.11763051021919302,-0.0180133677462199,-0.12291533096124205
stalk-surface-above-ring_scaly,0.016198352236787953,-0.016198352236787995,-0.012387166482814614,-0.01238716648281463,-0.00846880967898265,-0.015036903318255994,-0.03275828595115145,-0.0036315647380189514,0.06212820885962188,-0.009818630538836534,-0.015036903318256013,-0.0028415188019724285,0.0028415188019724055,-0.012516908672160884,-0.02094835092821888,-0.028293114227589587,-0.017129223374405936,-0.017385187080054192,-0.0029629629629629537,-0.004850489597319117,-0.025818158593118787,-0.013820586770523667,-0.005952440268288207,0.10507376803475829,0.08301549052313259,-0.01469695443165813,1.0,-0.03495513752093984,-0.07212677360681115,-0.029785613443084363,-0.030777004843649876,-0.004196484032443054,-0.027291910163547702,-0.005147276243214554,-0.004196484032443058,-0.004196484032443045,0.08436270986377356,-0.0041964840324430494,-0.015371432530357183,0.28599732608341705,-0.034248602616956544,-0.06773163051348634,-0.04589960786661444,0.04589960786661438,-0.025418170734422908,0.025418170734422568,-0.01212434381280837,0.0792326054512358,-0.012387166482814526,-0.02319009192004841,-0.0541390869623159,0.06085348467154393,0.02203160816226142,0.05710543195035228,-0.02176702389658412,-0.03608240270942222,-0.008468809678982687,0.062315332035945144,-0.06231533203594512,-0.000960653111917431,-0.0041964840324430425,-0.023714766669150046,-0.0036315647380189514,0.019409219525590056
stalk-surface-above-ring_silky,-0.5876582576306926,0.5876582576306927,-0.14613584891677636,-0.14613584891677645,-0.09990958735153295,0.12639072921991362,0.5841886518573794,0.10389215993910697,-0.46649852163731387,-0.11583390850391244,0.12639072921991343,-0.09522456939346101,0.09522456939346118,-0.14766646409069487,-0.24713521454232004,0.23781408069478074,0.20638118256799717,0.24327715138482192,-0.0349551375209398,-0.05722296668488508,0.03102608649243326,-0.16304642252451113,-0.07022307425507816,-0.1928747264755152,-0.018807764448587908,-0.17338524636293898,-0.03495513752093984,1.0,-0.8509054354991269,-0.35139157224139134,-0.36308737241744043,-0.04950742830473553,0.5537345024128989,-0.06072426526719324,-0.04950742830473547,-0.049507428304735236,0.22508751317021503,-0.04950742830473559,-0.18134230657246297,-0.021992569154008802,0.6770744720030677,-0.5196154065528635,-0.5414941479829679,0.5414941479829659,0.17588334657818525,-0.17588334657818663,-0.14303523554815695,-0.08553994850866468,-0.056044207016278824,-0.21952378415079857,0.19732217047298553,0.09833912647532002,0.10503495184358574,-0.13545915579064274,-0.2567933933827553,0.1857112540307673,-0.09990958735153334,0.2630539383363002,-0.2630539383362998,0.048792999198191904,-0.049507428304735326,0.6784343690521536,0.10389215993910697,-0.5494837760707025
stalk-surface-above-ring_smooth,0.49131418071169586,-0.49131418071169614,0.17174158586853486,0.1717415858685349,0.11741561774479509,-0.07878065972896191,-0.5471070571343684,-0.08840240359793047,0.34719150685592787,0.1361301781272162,-0.07878065972896225,0.009115676236101999,-0.009115676236102143,0.06101408199209167,0.21712075675161105,-0.14823199680550372,-0.2774977796827823,-0.18294671773060864,0.04107993210836163,0.06724950188068674,-0.054604581916034046,0.1916152086029063,0.08252747170887093,0.17749543718838623,0.023031249382273866,-0.35776481793811615,-0.07212677360681115,-0.8509054354991269,1.0,0.2962412605512335,0.31198462733407956,0.05818205671197212,-0.5416847553646812,0.07136429353230479,0.0581820567119722,0.0581820567119722,-0.14467252470071088,0.05818205671197207,-0.05704129523193664,0.015410414354487747,-0.547462106969017,0.5301261633181505,0.5615717602313048,-0.5615717602313046,0.058372090627924964,-0.05837209062792431,-0.06352131048113877,0.10147671206069633,0.0865512344956467,0.0829719743717614,-0.0890805633542488,-0.0268392450559092,-0.05634831006098352,0.15994641542055216,0.016648377552749994,-0.07786306839977182,0.11741561774479517,-0.14473980102838271,0.1447398010283826,-0.1644431996641481,0.058182056711972206,-0.5772834922558981,-0.08840240359793047,0.581730193090975
spore-print-color_black,0.3968322009032903,-0.39683220090329024,0.11325278279085095,0.11325278279085105,0.0995957874181184,-0.15116064399628,-0.3293074043096715,-0.03650682942455705,0.28486832846194476,0.1154700928407782,-0.15116064399627963,0.19406411238423596,-0.19406411238423618,0.14720266749391528,0.2045014153003977,-0.28442062017585484,-0.07419035040897015,-0.07391013416520012,-0.02978561344308433,-0.0487602477524643,0.05148620194769366,0.15518144761098676,-0.05983776614507024,0.05517940549046829,-0.0566002907630557,0.07527164907034192,-0.029785613443084363,-0.35139157224139134,0.2962412605512335,1.0,-0.30939028960800546,-0.04218576228351855,-0.27435587161100305,-0.05174373840699167,-0.04218576228351852,-0.04218576228351871,-0.3530661057614345,-0.0421857622835185,0.0600660763167254,0.04863177771788901,-0.3442890279986364,0.2673529330776753,0.33575619204382173,-0.33575619204381973,-0.1030076655355987,0.10300766553560019,0.14258598489483357,-0.1143619316880338,0.0484046289007411,0.1559892583374117,-0.21217661506062646,0.07848729327137259,0.05268883179194276,0.1480431776170838,0.25598684666505844,-0.36272356848018894,0.09959578741811881,-0.10984344114352276,0.10984344114352299,-0.1575724794234204,-0.04218576228351835,-0.2383961196038344,-0.03650682942455705,0.33545840409238664
spore-print-color_brown,0.41664529710725307,-0.416645297107253,0.13690638018322238,0.1369063801832225,0.09359962015677344,-0.1561919106125688,-0.3402681498185379,-0.03772193136706276,0.2836490200562549,0.10851821256245212,-0.1561919106125682,0.17935572671274178,-0.17935572671274197,0.1383403266410417,0.21781328815241596,-0.2938873433482575,-0.08159950590618786,-0.08145378235420911,-0.030777004843649904,0.0016128766809841732,0.0493947746843741,0.14552194441655605,-0.0618294205019173,0.05568814036341951,-0.013567800898203178,0.06653614069578843,-0.030777004843649876,-0.36308737241744043,0.31198462733407956,-0.30939028960800546,1.0,-0.043589883170069864,-0.2834875973123906,-0.053465989230793716,-0.043589883170069885,-0.04358988317007048,-0.36481764150710255,-0.04358988317006986,0.051249131006258705,0.042549797576264474,-0.3557484254127313,0.28494155991528614,0.33473390603217756,-0.33473390603217584,-0.12661520212780458,0.1266152021278062,0.13400159155132976,-0.08373509828657999,0.04129943755211913,0.14156844793782103,-0.19460411401881522,0.06289197195317633,0.053733575737285655,0.1380329223963125,0.24057515115966435,-0.34485115667441496,0.09359962015677328,-0.10422164557866928,0.10422164557866918,-0.17474602741682826,-0.04358988317006976,-0.24633095241683098,-0.03772193136706276,0.35794217761936276
spore-print-color_buff,0.07437139702538009,-0.07437139702538006,-0.017544109393916603,-0.017544109393916617,-0.011994488299681897,-0.02129696707695234,-0.04639599807442129,-0.005143433659609445,0.08799301229974581,-0.0139062576183813,-0.0212969670769524,0.05157906318414713,-0.05157906318414715,-0.017727864990166566,0.04699547008946906,-0.04007191570340645,-0.024260347927860203,-0.024622872744088038,-0.00419648403244306,0.2838091588094681,-0.03656660297054815,-0.019574281699255073,-0.00843052068223064,-0.0321261660608179,0.24312629076361242,-0.02081549292682391,-0.004196484032443054,-0.04950742830473553,0.05818205671197212,-0.04218576228351855,-0.043589883170069864,1.0,-0.03865389701046704,-0.007290156115762895,-0.0059435364041604734,-0.005943536404160475,-0.0497433527113982,-0.005943536404160479,-0.021770765269679214,-0.014673158277077948,-0.04850675348024677,0.06195752266155,-0.06500822788383036,0.0650082278838303,0.033833900004685565,-0.033833900004686036,-0.017171870134826364,0.17638350165819236,-0.01754410939391648,-0.03284443702801245,0.0004175529873058139,-0.039836170902242146,-0.07184452679810822,-0.02089629533330272,-0.03082892677283995,0.11630278798887225,-0.011994488299681947,0.0882580373545157,-0.08825803735451569,-0.055543915960390704,-0.005943536404160478,-0.0335875408853179,-0.005143433659609445,0.07889952729376833
spore-print-color_chocolate,-0.4902291705695347,0.490229170569535,-0.11409843425508655,-0.11409843425508667,-0.07800637262095571,-0.13850521239368135,0.7997515343521038,-0.03345041427180344,-0.4095323034709286,-0.09043959912581098,-0.13850521239368105,0.3035378458616415,-0.3035378458616412,-0.11529349211450823,-0.1929556726675054,-0.2606084319644002,0.42162149422360923,0.29779854742197714,-0.027291910163547685,-0.044677955139499057,0.1906458561629555,-0.11184559044217965,-0.05482804445640184,-0.11548375021362162,-0.051861616135176626,0.0404217572568335,-0.027291910163547702,0.5537345024128989,-0.5416847553646812,-0.27435587161100305,-0.2834875973123906,-0.03865389701046704,1.0,-0.047411662775661514,-0.03865389701046702,-0.03865389701046695,-0.32350679829533535,-0.038653897010467085,0.08395250593549719,-0.0954271514957711,0.5678651898070245,-0.5332756825591921,-0.24324414481334627,0.24324414481334447,0.22003938351048138,-0.22003938351048183,-0.11167756946925722,-0.10478735218005944,-0.1140984342550863,-0.0909147657118314,0.0027155634407208563,0.24714697486832,0.5084548796154666,-0.13589943642784494,-0.20049648549076216,-0.30033416215334074,-0.07800637262095568,0.3954079213657752,-0.3954079213657747,-0.3612308667930556,0.1537629285489901,0.8689302627422747,-0.03345041427180344,-0.3129063065175552
spore-print-color_green,-0.09802365435296356,0.09802365435296358,-0.021519056618235586,-0.021519056618235596,-0.014712064718264885,-0.02612219463728098,-0.05690788212761695,-0.006308775079323964,0.10792948055510414,-0.01705698125329086,-0.02612219463728094,0.06326526790582394,-0.06326526790582387,-0.02174444549326125,-0.03639159531022811,-0.04915096021470183,-0.029756985032180733,0.0785564106983093,0.5756370598661626,-0.00842629833188102,-0.044851453099843355,-0.024009202558530753,-0.010340613353963328,0.04937092972258341,-0.00978114258282484,-0.025531633482867258,-0.005147276243214554,-0.06072426526719324,0.07136429353230479,-0.05174373840699167,-0.053465989230793716,-0.007290156115762895,-0.047411662775661514,1.0,-0.00729015611576289,-0.007290156115762879,-0.061013642775655415,-0.0072901561157628835,-0.026703340702092956,-0.017997637648238855,-0.05949686878207535,0.07599516214495482,0.1121420526766293,-0.11214205267663026,0.04149960499385729,-0.04149960499385742,-0.021062479569378963,-0.019762979037875484,-0.02151905661823567,-0.04028596061108418,0.09507504710593545,-0.04886180300473433,0.10147128028623748,-0.025630743190910417,-0.03781379868357541,-0.06268255681420486,-0.01471206471826493,0.10825455200961859,-0.10825455200961871,-0.06812843248484436,-0.0072901561157628835,-0.041197428592703686,-0.006308775079323964,0.09677569586834436
spore-print-color_orange,0.07437139702538002,-0.07437139702538005,-0.01754410939391663,-0.017544109393916648,-0.011994488299681902,-0.021296967076952323,-0.046395998074421234,-0.005143433659609438,0.08799301229974571,-0.013906257618381292,-0.0212969670769524,0.05157906318414705,-0.05157906318414706,-0.01772786499016656,0.04699547008946897,-0.040071915703406444,-0.02426034792786015,-0.024622872744088052,-0.004196484032443065,0.283809158809468,-0.03656660297054817,-0.019574281699255052,-0.008430520682230649,-0.032126166060817904,0.24312629076361222,-0.0208154929268239,-0.004196484032443058,-0.04950742830473547,0.0581820567119722,-0.04218576228351852,-0.043589883170069885,-0.0059435364041604734,-0.03865389701046702,-0.00729015611576289,1.0,-0.005943536404160484,-0.0497433527113982,-0.005943536404160475,-0.02177076526967918,-0.014673158277077925,-0.048506753480246724,0.06195752266154992,-0.0650082278838303,0.06500822788383022,0.03383390000468557,-0.033833900004686016,-0.017171870134826375,0.17638350165819233,-0.017544109393916468,-0.032844437028012353,0.0004175529873058056,-0.039836170902242125,-0.07184452679810806,-0.020896295333302683,-0.030828926772839896,0.1163027879888721,-0.011994488299681957,0.08825803735451565,-0.08825803735451569,-0.0555439159603907,-0.005943536404160482,-0.03358754088531787,-0.0051434336596094385,0.07889952729376838
spore-print-color_purple,0.07437139702538051,-0.07437139702538043,0.16061632150130595,0.16061632150130606,-0.011994488299681947,-0.02129696707695236,-0.04639599807442126,-0.0051434336596094385,-0.06754554991155456,-0.013906257618381835,-0.02129696707695238,-0.11523156950216384,0.1152315695021638,-0.017727864990166434,0.046995470089468805,-0.040071915703406444,-0.024260347927860047,-0.024622872744087934,-0.004196484032443074,-0.006869813223829784,0.02980227158993745,-0.01957428169925518,-0.008430520682230616,0.04025125298468525,-0.007974393976228324,-0.020815492926823918,-0.004196484032443045,-0.049507428304735236,0.0581820567119722,-0.04218576228351871,-0.04358988317007048,-0.005943536404160475,-0.03865389701046695,-0.007290156115762879,-0.005943536404160484,1.0,-0.049743352711398105,-0.005943536404160472,-0.02177076526967924,-0.014673158277077932,-0.048506753480246724,0.061957522661549906,0.09142744845747297,-0.09142744845747243,-0.17566808447555,0.17566808447555027,-0.01717187013482641,-0.016112410146100355,-0.017544109393916707,-0.03284443702801206,0.0775130181889486,-0.03983617090224207,0.0827277549041773,-0.020896295333302995,-0.030828926772839327,-0.05110398905251651,-0.011994488299681966,-0.06734272121060682,0.06734272121060676,-0.05554391596039072,-0.005943536404160484,-0.03358754088531801,-0.0051434336596094385,0.07889952729376935
spore-print-color_white,-0.3573840060325176,0.3573840060325164,-0.1468322497323402,-0.14683224973234035,-0.10038569994560174,0.42813694526208135,-0.03603346960729849,0.10339941679143917,-0.22515399603071534,-0.11638590740732915,0.42813694526208157,-0.6346796420712996,0.6346796420712992,-0.1483701589526084,-0.2483129212189317,0.8055732780196003,-0.20304259313226955,-0.11657775137195815,-0.035121713939102364,-0.05749565898430153,-0.2390471416084522,-0.16382340957089642,0.1694803470755771,-0.002526898450341584,-0.008657435435330381,-0.1484432727438647,0.08436270986377356,0.22508751317021503,-0.14467252470071088,-0.3530661057614345,-0.36481764150710255,-0.0497433527113982,-0.32350679829533535,-0.061013642775655415,-0.0497433527113982,-0.049743352711398105,1.0,-0.0497433527113982,-0.1574117502104832,0.012533361431323062,0.19826665028487903,-0.10342532236819693,-0.41687680490139567,0.4168768049013943,0.024710711384995546,-0.024710711384998158,-0.14371686059381417,0.1943783805892166,0.03299667441221287,-0.16698209487704718,0.34394607961476176,-0.31220095880636867,-0.5449492615942026,-0.1278038122917621,-0.25801712547798517,0.8865409947282424,-0.10038569994560216,-0.2036881898819819,0.20368818988198142,0.6790837101307321,-0.04974335271139807,-0.2811048472416767,0.10339941679143917,-0.4445201555715848
spore-print-color_yellow,0.07437139702538001,-0.07437139702538006,-0.017544109393916627,-0.017544109393916648,-0.011994488299681876,-0.021296967076952323,-0.04639599807442129,-0.005143433659609433,0.08799301229974583,-0.01390625761838131,-0.021296967076952392,0.05157906318414704,-0.051579063184147046,-0.017727864990166584,0.04699547008946901,-0.04007191570340648,-0.024260347927860172,-0.024622872744088038,-0.004196484032443057,0.2838091588094679,-0.03656660297054813,-0.019574281699255038,-0.008430520682230632,-0.032126166060817925,0.24312629076361222,-0.020815492926823866,-0.0041964840324430494,-0.04950742830473559,0.05818205671197207,-0.0421857622835185,-0.04358988317006986,-0.005943536404160479,-0.038653897010467085,-0.0072901561157628835,-0.005943536404160475,-0.005943536404160472,-0.0497433527113982,1.0,-0.021770765269679183,-0.014673158277077932,-0.048506753480246696,0.06195752266154997,-0.06500822788383029,0.06500822788383022,0.033833900004685585,-0.03383390000468602,-0.017171870134826336,0.1763835016581925,-0.017544109393916478,-0.03284443702801242,0.0004175529873057989,-0.03983617090224215,-0.07184452679810806,-0.020896295333302683,-0.030828926772839885,0.11630278798887209,-0.011994488299681931,0.0882580373545157,-0.08825803735451569,-0.055543915960390655,-0.005943536404160469,-0.033587540885317804,-0.005143433659609433,0.07889952729376831
stalk-surface-below-ring_fibrous,0.13678187461175828,-0.13678187461175825,-0.06426286666859908,-0.06426286666859907,-0.04393498610010984,-0.07800932637745078,-0.016541347548826846,-0.018840043918152933,0.18557786044502375,-0.05093766569302848,-0.07800932637745067,0.1156086570761115,-0.11560865707611141,0.141942348893881,0.026115683037360626,-0.14678067254279045,0.16755960250343094,-0.09019189020218252,-0.015371432530357186,-0.02516365358473175,0.05568065460436883,-0.04802100871411659,-0.030880417716553584,-0.0063282634115320825,-0.02920965694815707,0.4399378024594852,-0.015371432530357183,-0.18134230657246297,-0.05704129523193664,0.0600660763167254,0.051249131006258705,-0.021770765269679214,0.08395250593549719,-0.026703340702092956,-0.02177076526967918,-0.02177076526967924,-0.1574117502104832,-0.021770765269679183,1.0,-0.05374677008649271,-0.17767690348012696,-0.3513821136555815,-0.1005975190082016,0.10059751900820199,-0.3978948798879307,0.3978948798879308,0.36292942174336035,-0.05901865074368862,-0.06426286666859961,0.224279852686978,-0.16790776565011667,-0.11822017022371577,-0.1046290230507394,-0.07654169332399059,0.4113023442705808,-0.13813443754296822,-0.04393498610010982,-0.17827717257611267,0.17827717257611253,0.2014248736422981,0.2730053964817771,-0.12302885334195167,-0.01884004391815293,-0.14034612944390842
stalk-surface-below-ring_scaly,0.08167385587597348,-0.08167385587597321,0.25404116218504447,0.25404116218504474,-0.029611499502315473,-0.052577076590814474,-0.11454053224818199,0.35053350904313335,-0.0910378889278981,-0.03433119698459283,-0.05257707659081455,0.06933412508905021,-0.06933412508905033,-0.043765824120012765,0.05470859006300552,-0.09892789773613929,-0.05989294938166554,-0.060787935740991436,-0.010360107220368717,-0.016959912401084326,0.020496859057931728,-0.048324181766974644,-0.02081292279827832,0.17361191544837762,0.12437604894089377,-0.05138843300713754,0.28599732608341705,-0.021992569154008802,0.015410414354487747,0.04863177771788901,0.042549797576264474,-0.014673158277077948,-0.0954271514957711,-0.017997637648238855,-0.014673158277077925,-0.014673158277077932,0.012533361431323062,-0.014673158277077932,-0.05374677008649271,1.0,-0.11975147840007158,-0.23682609708641245,0.10060464641942783,-0.10060464641942743,0.06895844856199992,-0.06895844856199959,-0.04239320688359167,0.10747546854597628,-0.04331217585999939,0.09733713445020152,-0.14640798331717084,0.08569828384903659,-0.1558681265870607,0.06519449505625707,-0.07610918673496578,-0.07959588115888046,0.8174442116132162,0.21788781346077968,-0.21788781346077982,-0.08060386925887143,-0.014673158277077913,-0.08291953982196697,0.35053350904313346,0.09289129452863679
stalk-surface-below-ring_silky,-0.5735240117095758,0.5735240117095761,-0.14318206056675034,-0.14318206056675042,-0.09789015285026327,0.1326207369872528,0.6004492781829115,-0.04197690593668018,-0.4719199528950612,-0.1134926017539731,0.13262073698725313,-0.08956922281344364,0.08956922281344373,-0.1446817379981318,-0.242139964417129,0.24953632946299167,0.21402127572253318,0.2513257350279551,-0.03424860261695651,-0.0560663406167392,0.0401039778434802,-0.15975082717993155,-0.06880368195554869,-0.2252718457300569,-0.06508111273424749,-0.1698806763031658,-0.034248602616956544,0.6770744720030677,-0.547462106969017,-0.3442890279986364,-0.3557484254127313,-0.04850675348024677,0.5678651898070245,-0.05949686878207535,-0.048506753480246724,-0.048506753480246724,0.19826665028487903,-0.048506753480246696,-0.17767690348012696,-0.11975147840007158,1.0,-0.7829033730935355,-0.5305491326580111,0.5305491326580097,0.16926477078916569,-0.169264770789167,-0.14014411871722807,-0.13149758894089095,-0.05230619650079064,-0.21352341848091297,0.20003158229913773,0.10879050138250036,0.12325448256792909,-0.1705401258539305,-0.2516029261609197,0.1806615635097351,-0.09789015285026369,0.2440849854463265,-0.2440849854463266,0.044171442716518315,-0.04850675348024657,0.692430197353772,-0.04197690593668018,-0.5361219902858594
stalk-surface-below-ring_smooth,0.4254440458550034,-0.4254440458550031,0.0710341127934763,0.07103411279347639,0.12503478234288848,-0.06086393074111733,-0.5023388183948958,-0.08301548284469076,0.3704828081693169,0.1449637409346228,-0.060863930741117366,-0.005319676687249633,0.005319676687249472,0.0739942636455492,0.18895607974800607,-0.11452026446880514,-0.26478466691809477,-0.16082858908293282,0.04374563170117398,0.07161335937946027,-0.07455409213720429,0.1913667893260012,0.08788272514867368,0.14603589192564018,0.02893746427750261,-0.05948794094777392,-0.06773163051348634,-0.5196154065528635,0.5301261633181505,0.2673529330776753,0.28494155991528614,0.06195752266155,-0.5332756825591921,0.07599516214495482,0.06195752266154992,0.061957522661549906,-0.10342532236819693,0.06195752266154997,-0.3513821136555815,-0.23682609708641245,-0.7829033730935355,1.0,0.5057964286110221,-0.5057964286110215,0.030928539575727505,-0.03092853957572652,-0.0490749462496283,0.11257099211133317,0.09899708276702969,0.04036479369327517,-0.039645646471016635,-0.06934171750980905,0.000893899772871462,0.17390170832204344,0.04058764011717711,-0.06284386167903991,-0.19359212222223782,-0.21179083545064314,0.21179083545064298,-0.118341859018557,-0.09592921325514751,-0.5421059371400887,-0.08301548284469076,0.5351322386857607
bruises_bruises,0.5015303774075603,-0.5015303774075601,0.26987521372322343,0.26987521372322376,-0.13119132713477355,-0.23293843846969894,-0.34464156768894083,-0.05625699662833687,0.2851708943942537,0.21391534688858083,-0.23293843846969892,0.369595784189305,-0.3695957841893052,0.02567686920424757,0.21198855488829715,-0.43829196132544646,-0.18160790351083722,-0.13832078975985207,0.06455312149013147,-0.07513950503633844,0.043855849238537414,0.23827528844546975,0.12968390243302647,0.33520203273877336,-0.08722100540668241,-0.08474962293716622,-0.04589960786661444,-0.5414941479829679,0.5615717602313048,0.33575619204382173,0.33473390603217756,-0.06500822788383036,-0.24324414481334627,0.1121420526766293,-0.0650082278838303,0.09142744845747297,-0.41687680490139567,-0.06500822788383029,-0.1005975190082016,0.10060464641942783,-0.5305491326580111,0.5057964286110221,1.0,-0.9999999999999997,0.29947294673710756,-0.2994729467371057,-0.18781963649366762,0.0732292375595945,0.1036393575598942,0.07299731737596231,-0.1792677086135639,0.162029559872656,0.3279399285098397,0.2779158499594915,-0.15172657280227003,-0.4548221041166331,0.18450723377841066,-0.09936422208135211,0.09936422208135222,-0.5064055436991901,-0.06500822788383023,-0.3673682406322553,-0.05625699662833687,0.7670361113113325
bruises_no_bruises,-0.5015303774075575,0.5015303774075575,-0.26987521372322165,-0.2698752137232221,0.13119132713477358,0.23293843846969844,0.3446415676889387,0.05625699662833678,-0.2851708943942538,-0.21391534688857972,0.23293843846969842,-0.3695957841893049,0.3695957841893051,-0.025676869204245643,-0.21198855488829557,0.4382919613254454,0.18160790351083644,0.1383207897598521,-0.06455312149013209,0.07513950503633837,-0.04385584923853723,-0.23827528844547044,-0.12968390243302774,-0.33520203273877425,0.08722100540668233,0.0847496229371678,0.04589960786661438,0.5414941479829659,-0.5615717602313046,-0.33575619204381973,-0.33473390603217584,0.0650082278838303,0.24324414481334447,-0.11214205267663026,0.06500822788383022,-0.09142744845747243,0.4168768049013943,0.06500822788383022,0.10059751900820199,-0.10060464641942743,0.5305491326580097,-0.5057964286110215,-0.9999999999999997,1.0,-0.2994729467371104,0.2994729467371081,0.18781963649367062,-0.07322923755959622,-0.10363935755989331,-0.07299731737596014,0.17926770861356187,-0.16202955987265621,-0.3279399285098418,-0.27791584995948926,0.1517265728022743,0.45482210411663093,-0.18450723377840939,0.09936422208135239,-0.09936422208135255,0.5064055436991908,0.06500822788382989,0.3673682406322545,0.05625699662833678,-0.7670361113113318
gill-spacing_close,-0.3483867851842733,0.3483867851842734,0.025661919850044235,0.025661919850044516,-0.1431158447132445,0.1212341282170494,0.26411170938041834,0.02927927218518325,-0.3713325142872787,0.07916211792197966,0.12123412821704901,-0.10833297981843405,0.10833297981843414,-0.19314640157849888,-0.07858671834281648,0.2281115310333084,-0.08619724208640711,0.001668438572990766,0.023888710604271033,0.03910678051929163,-0.08902119331234291,0.07777066595389581,0.04799119149844204,0.005764862688590494,0.032320847516787654,-0.42382091789676357,-0.025418170734422908,0.17588334657818525,0.058372090627924964,-0.1030076655355987,-0.12661520212780458,0.033833900004685565,0.22003938351048138,0.04149960499385729,0.03383390000468557,-0.17566808447555,0.024710711384995546,0.033833900004685585,-0.3978948798879307,0.06895844856199992,0.16926477078916569,0.030928539575727505,0.29947294673710756,-0.2994729467371104,1.0,-0.9999999999999998,-0.5075344590025984,0.06499409349773057,-0.12275580928741694,-0.3473654328440257,0.3080433533240209,0.22676954109889558,0.24265418290399732,0.1083551902767457,-0.5696565871237685,0.08172321107006733,0.06827926845955584,0.0808954848783285,-0.08089548487832832,-0.26496222918148066,0.03383390000468576,0.19119887932740934,0.029279272185183242,0.10226341341490065
gill-spacing_crowded,0.3483867851842751,-0.348386785184275,-0.02566191985004366,-0.025661919850043707,0.1431158447132449,-0.12123412821705033,-0.26411170938041933,-0.029279272185183586,0.3713325142872794,-0.07916211792197891,-0.12123412821704986,0.10833297981843523,-0.1083329798184352,0.1931464015784996,0.07858671834281743,-0.22811153103331006,0.08619724208640725,-0.0016684385729908932,-0.023888710604271092,-0.039106780519292166,0.08902119331234329,-0.07777066595389524,-0.04799119149844218,-0.005764862688590277,-0.03232084751678826,0.42382091789676435,0.025418170734422568,-0.17588334657818663,-0.05837209062792431,0.10300766553560019,0.1266152021278062,-0.033833900004686036,-0.22003938351048183,-0.04149960499385742,-0.033833900004686016,0.17566808447555027,-0.024710711384998158,-0.03383390000468602,0.3978948798879308,-0.06895844856199959,-0.169264770789167,-0.03092853957572652,-0.2994729467371057,0.2994729467371081,-0.9999999999999998,1.0,0.5075344590025996,-0.06499409349773126,0.1227558092874169,0.3473654328440259,-0.30804335332402194,-0.22676954109889494,-0.24265418290399637,-0.10835519027674474,0.5696565871237702,-0.08172321107006957,-0.06827926845955518,-0.08089548487832893,0.08089548487832876,0.2649622291814796,-0.03383390000468584,-0.19119887932740934,-0.029279272185183586,-0.10226341341489954
population_abundant,0.21487139719906026,-0.21487139719906037,-0.050687864540146794,-0.05068786454014655,-0.03465408157871383,-0.061530497677292316,-0.1340457935366428,-0.01486023956849701,0.25422652058220874,-0.04017750269303057,-0.06153049767729235,0.1490205349889295,-0.14902053498892948,0.20374523498764863,0.08040334116105023,-0.11577446249524563,0.12438492919467534,-0.07113959507539291,-0.01212434381280845,-0.019848038694192317,0.03816605103480663,-0.05655337167394646,-0.024357183414052002,-0.0928178636442881,-0.02303935711874829,0.3824083853452237,-0.01212434381280837,-0.14303523554815695,-0.06352131048113877,0.14258598489483357,0.13400159155132976,-0.017171870134826364,-0.11167756946925722,-0.021062479569378963,-0.017171870134826375,-0.01717187013482641,-0.14371686059381417,-0.017171870134826336,0.36292942174336035,-0.04239320688359167,-0.14014411871722807,-0.0490749462496283,-0.18781963649366762,0.18781963649367062,-0.5075344590025984,0.5075344590025996,1.0,-0.04655144610441314,-0.05068786454014724,-0.09489306852763689,-0.2215353051143944,-0.1150933563598943,-0.2075708467456465,-0.06037289003753277,0.5570051225381834,-0.14764796641392067,-0.034654081578713636,-0.1945643779257203,0.19456437792572015,0.30915843504933954,-0.017171870134826364,-0.09704001978134076,-0.01486023956849701,-0.21764224354462608
population_clustered,0.1376448547202147,-0.13764485472021473,-0.04756055435362713,-0.04756055435362717,-0.03251601434489316,-0.05773422506029419,-0.12577551465647108,0.3192218676765942,0.19389594742727428,-0.03769865465749447,-0.057734225060294145,0.11854592439103331,-0.11854592439103324,-0.04805869978962533,-0.02174930122527947,-0.10863147749903299,-0.06576769275395579,-0.06675046599365773,-0.011376303147559233,0.2038721780703907,-0.09912887961763997,-0.053064174862785564,0.5232315094878035,0.1310468737820903,0.30272141223572374,-0.05642899052413726,0.0792326054512358,-0.08553994850866468,0.10147671206069633,-0.1143619316880338,-0.08373509828657999,0.17638350165819236,-0.10478735218005944,-0.019762979037875484,0.17638350165819233,-0.016112410146100355,0.1943783805892166,0.1763835016581925,-0.05901865074368862,0.10747546854597628,-0.13149758894089095,0.11257099211133317,0.0732292375595945,-0.07322923755959622,0.06499409349773057,-0.06499409349773126,-0.04655144610441314,1.0,-0.04756055435362693,-0.08903841154950391,-0.20786714957768992,-0.10799239385120522,-0.1849046855022224,0.05046781689440267,-0.08357453858285117,0.24587817928808609,-0.03251601434489328,0.23925986144383016,-0.23925986144383027,0.10863638351767975,-0.016112410146100337,-0.09105290146188602,0.3192218676765942,-0.07632363395294765
population_numerous,0.21952922241349798,-0.2195292224134979,0.2847850854479527,0.28478508544795417,-0.03540528744913008,-0.06286431086636303,-0.136951540346889,-0.01518236898849885,-0.03409817065004978,-0.041048441252263194,-0.06286431086636309,0.1522508933073871,-0.15225089330738717,0.11438514290960512,0.021045488958645706,-0.11828413673587394,-0.07161160781027864,0.14717272510444548,-0.012387166482814535,-0.020278289980738787,-0.03741050127884529,-0.05777929436062352,-0.024885180646524688,0.0846305590173625,-0.02353878747528257,-0.06144309720066049,-0.012387166482814526,-0.056044207016278824,0.0865512344956467,0.0484046289007411,0.04129943755211913,-0.01754410939391648,-0.1140984342550863,-0.02151905661823567,-0.017544109393916468,-0.017544109393916707,0.03299667441221287,-0.017544109393916478,-0.06426286666859961,-0.04331217585999939,-0.05230619650079064,0.09899708276702969,0.1036393575598942,-0.10363935755989331,-0.12275580928741694,0.1227558092874169,-0.05068786454014724,-0.04756055435362693,1.0,-0.09695009116082741,-0.2263375856575525,-0.11758826607917597,-0.212070415959405,0.51512575192942,-0.09100071523430707,0.027045688990073584,-0.03540528744913004,0.26051975742188016,-0.2605197574218805,-0.16395433148074462,-0.017544109393916436,-0.09914358245575407,-0.01518236898849885,0.23289534106348367
population_scattered,0.1595715965399437,-0.15957159653994354,0.1807373430217416,0.18073734302174183,0.1494542013084565,-0.11768866992334301,-0.14512208924757034,-0.028423008029789937,-0.009619648087352184,0.17327530559181567,-0.11768866992334316,0.11957707471342936,-0.11957707471342942,0.20213703902136804,0.08860867723652294,-0.22144047287925356,0.037615838578394976,0.02412087097012961,-0.023190091920048398,-0.03796311362143585,0.04478749587102757,-0.07382076172265258,-0.04658770247744297,0.037833124411048955,-0.04406711139271438,0.24308803302400028,-0.02319009192004841,-0.21952378415079857,0.0829719743717614,0.1559892583374117,0.14156844793782103,-0.03284443702801245,-0.0909147657118314,-0.04028596061108418,-0.032844437028012353,-0.03284443702801206,-0.16698209487704718,-0.03284443702801242,0.224279852686978,0.09733713445020152,-0.21352341848091297,0.04036479369327517,0.07299731737596231,-0.07299731737596014,-0.3473654328440257,0.3473654328440259,-0.09489306852763689,-0.08903841154950391,-0.09695009116082741,1.0,-0.42372801105421437,-0.22013772906647885,-0.23275330371112682,0.2306295344112844,0.33660735122269003,-0.17566193969461985,0.14945420130845688,0.1239330265183571,-0.12393302651835729,-0.030551103687998224,-0.03284443702801237,-0.18560732138553038,-0.028423008029789937,0.17376278806364592
population_several,-0.4437223790553417,0.44372237905534134,-0.17172075756204902,-0.1717207575620492,0.0008426522662889754,0.27774578704518166,0.1637439961824124,-0.06635573971679992,-0.27538570263734397,0.0009769603508676,0.27774578704518227,-0.5064750538441868,0.5064750538441869,-0.17911037738441596,-0.12717869903243062,0.5226005057544336,-0.08083688783785142,-0.08321456781507455,0.054728720582697545,0.0004826269814440858,-0.09916122417594433,0.0013751576909945364,-0.10876264244646121,-0.09966919257651999,-0.025900746465856456,-0.1746273737501983,-0.0541390869623159,0.19732217047298553,-0.0890805633542488,-0.21217661506062646,-0.19460411401881522,0.0004175529873058139,0.0027155634407208563,0.09507504710593545,0.0004175529873058056,0.0775130181889486,0.34394607961476176,0.0004175529873057989,-0.16790776565011667,-0.14640798331717084,0.20003158229913773,-0.039645646471016635,-0.1792677086135639,0.17926770861356187,0.3080433533240209,-0.30804335332402194,-0.2215353051143944,-0.20786714957768992,-0.2263375856575525,-0.42372801105421437,1.0,-0.513928780390618,0.05243296391173168,-0.2695843333356633,-0.27204556880706593,0.34572482335644383,-0.1547415979912398,-0.2685555831063395,0.26855558310633937,0.22191405580513282,0.00041755298730575014,0.002359635254038527,-0.06635573971679992,-0.2035309280325767
population_solitary,0.10705486060476398,-0.1070548606047637,-0.05062889175951031,-0.05062889175951028,-0.08039228723434781,-0.14274155359476295,0.13172469952886243,-0.03447353366004788,0.13672400003753785,-0.09320579826997769,-0.14274155359476304,0.2986850865185116,-0.29868508651851133,-0.10223637090217837,0.03525261401844811,-0.2685794405538957,0.07140836335890306,0.07240713684803594,-0.02812666462140473,-0.04604448177677506,0.1306323846463096,0.14971807569742052,-0.05650502324796673,0.027795648002688307,-0.0534478633051651,-0.13951450403616972,0.06085348467154393,0.09833912647532002,-0.0268392450559092,0.07848729327137259,0.06289197195317633,-0.039836170902242146,0.24714697486832,-0.04886180300473433,-0.039836170902242125,-0.03983617090224207,-0.31220095880636867,-0.03983617090224215,-0.11822017022371577,0.08569828384903659,0.10879050138250036,-0.06934171750980905,0.162029559872656,-0.16202955987265621,0.22676954109889558,-0.22676954109889494,-0.1150933563598943,-0.10799239385120522,-0.11758826607917597,-0.22013772906647885,-0.513928780390618,1.0,0.45281285235405494,-0.14005607697438704,-0.1646065414490974,-0.3267917664791126,0.11035156250041968,0.06521839778080268,-0.06521839778080213,-0.37227952826688154,0.054681659824923595,0.3090117331091015,-0.03447353366004788,0.12306114504755232
stalk-root_bulbous,-0.017711782062166736,0.017711782062167232,-0.1573185072966651,-0.1573185072966653,0.16695062009925918,-0.2574343653060625,0.3240204513196044,-0.06217301153122116,0.13154947708887377,-0.16809663980956444,-0.25743436530606245,0.4397838652660129,-0.43978386526601265,-0.21429162450619726,0.01832870336768807,-0.48438297098502753,0.16184446453556978,0.13154126147786066,0.05841062944482466,-0.08304121430331358,0.22087007892866378,0.2600371466421055,-0.10190679889712508,0.08988600306652694,-0.09639321151003062,-0.086857488637804,0.02203160816226142,0.10503495184358574,-0.05634831006098352,0.05268883179194276,0.053733575737285655,-0.07184452679810822,0.5084548796154666,0.10147128028623748,-0.07184452679810806,0.0827277549041773,-0.5449492615942026,-0.07184452679810806,-0.1046290230507394,-0.1558681265870607,0.12325448256792909,0.000893899772871462,0.3279399285098397,-0.3279399285098418,0.24265418290399732,-0.24265418290399637,-0.2075708467456465,-0.1849046855022224,-0.212070415959405,-0.23275330371112682,0.05243296391173168,0.45281285235405494,1.0,-0.25259110872169416,-0.37265518456954266,-0.617736926521333,-0.14498747504480294,0.01483304604571314,-0.014833046045712147,-0.64642879025847,-0.07184452679810809,0.46750312629524415,-0.06217301153122116,0.29015792695749504
stalk-root_club,0.2185476001698841,-0.21854760016988373,0.5151257519294179,0.5151257519294187,-0.04217024223264619,-0.07487591283736424,-0.16311912843131485,0.24614093443694168,-0.2296085176581812,-0.048891644033891214,-0.07487591283736401,0.17290329557049486,-0.172903295570495,0.2233825361710334,0.08184431385361746,-0.14088490894468844,-0.08529457224059014,0.12873399231659183,-0.014754005652600313,-0.024152900941144754,-0.12856092451513051,-0.06881929267541398,-0.02964003886071791,0.09300237806040977,0.07675881717200089,-0.0731831452067342,0.05710543195035228,-0.13545915579064274,0.15994641542055216,0.1480431776170838,0.1380329223963125,-0.02089629533330272,-0.13589943642784494,-0.025630743190910417,-0.020896295333302683,-0.020896295333302995,-0.1278038122917621,-0.020896295333302683,-0.07654169332399059,0.06519449505625707,-0.1705401258539305,0.17390170832204344,0.2779158499594915,-0.27791584995948926,0.1083551902767457,-0.10835519027674474,-0.06037289003753277,0.05046781689440267,0.51512575192942,0.2306295344112844,-0.2695843333356633,-0.14005607697438704,-0.25259110872169416,1.0,-0.10838839284353978,-0.17967149106779826,-0.04217024223264613,0.3102977568719263,-0.3102977568719269,-0.18705846509223467,-0.020896295333302742,-0.11808713300177352,0.24614093443694168,0.2344838545392462
stalk-root_equal,0.20283885998342333,-0.2028388599834232,-0.09100071523430567,-0.09100071523430592,-0.06221501414708892,-0.11046666392744794,-0.24065450767457572,-0.0266788202966272,0.2720115011812874,0.45107822665538855,-0.11046666392744792,-0.004394064653877504,0.004394064653877442,0.3657870040031489,0.14434937473225562,-0.20785170155649596,0.11357803202162414,-0.09815169166862328,-0.021767023896584237,-0.03563349400405509,0.06852010778803982,-0.10153115184334736,-0.043728831977451595,-0.10227977023855599,-0.04136291783774208,0.436839656611531,-0.02176702389658412,-0.2567933933827553,0.016648377552749994,0.25598684666505844,0.24057515115966435,-0.03082892677283995,-0.20049648549076216,-0.03781379868357541,-0.030828926772839896,-0.030828926772839327,-0.25801712547798517,-0.030828926772839885,0.4113023442705808,-0.07610918673496578,-0.2516029261609197,0.04058764011717711,-0.15172657280227003,0.1517265728022743,-0.5696565871237685,0.5696565871237702,0.5570051225381834,-0.08357453858285117,-0.09100071523430707,0.33660735122269003,-0.27204556880706593,-0.1646065414490974,-0.37265518456954266,-0.10838839284353978,1.0,-0.2650747011824823,-0.06221501414708671,-0.09564572849947413,0.09564572849947396,0.2900496643897502,-0.030828926772839934,-0.17421746381639222,-0.026678820296627204,-0.13931242478911252
stalk-root_missing,-0.3020011029737894,0.3020011029737887,-0.1508485711932819,-0.15084857119328207,-0.10313156294094608,0.4167378608168292,-0.050444610058073866,-0.04422450870310645,-0.17525155074234933,-0.11956942614060004,0.4167378608168278,-0.6021460899030584,0.6021460899030584,-0.1524285470427653,-0.20407148160132066,0.7841250056277762,-0.19739445033246764,-0.12317745485842217,-0.03608240270942239,0.13442812099795343,-0.23985521870383153,-0.1548573474886908,0.16496795726781766,-0.09856668528144039,0.09858455875525005,-0.17897673208672812,-0.03608240270942222,0.1857112540307673,-0.07786306839977182,-0.36272356848018894,-0.34485115667441496,0.11630278798887225,-0.30033416215334074,-0.06268255681420486,0.1163027879888721,-0.05110398905251651,0.8865409947282424,0.11630278798887209,-0.13813443754296822,-0.07959588115888046,0.1806615635097351,-0.06284386167903991,-0.4548221041166331,0.45482210411663093,0.08172321107006733,-0.08172321107006957,-0.14764796641392067,0.24587817928808609,0.027045688990073584,-0.17566193969461985,0.34572482335644383,-0.3267917664791126,-0.617736926521333,-0.17967149106779826,-0.2650747011824823,1.0,-0.10313156294094658,-0.17334542068023306,0.1733454206802328,0.6225014752919295,0.11630278798887138,-0.2887939443767379,-0.04422450870310646,-0.39104377817431474
stalk-root_rooted,0.15008688275678653,-0.1500868827567863,0.32413540659678775,0.3241354065967882,-0.024205748865355637,-0.0429788269227062,-0.0936304950813735,-0.01037982282857571,-0.13631182733946093,-0.028063838252808723,-0.042978826922706236,0.10409029705576274,-0.10409029705576289,-0.03577611959338657,0.09484027316323083,-0.0808680373714713,-0.04895914478848594,-0.049690746207389724,-0.008468809678982742,-0.013863782221733631,0.06014314939489947,-0.039502322666358385,-0.017013403268205444,0.08122995303509699,-0.01609290643495859,-0.042007177105557875,-0.008468809678982687,-0.09990958735153334,0.11741561774479517,0.09959578741811881,0.09359962015677328,-0.011994488299681947,-0.07800637262095568,-0.01471206471826493,-0.011994488299681957,-0.011994488299681966,-0.10038569994560216,-0.011994488299681931,-0.04393498610010982,0.8174442116132162,-0.09789015285026369,-0.19359212222223782,0.18450723377841066,-0.18450723377840939,0.06827926845955584,-0.06827926845955518,-0.034654081578713636,-0.03251601434489328,-0.03540528744913004,0.14945420130845688,-0.1547415979912398,0.11035156250041968,-0.14498747504480294,-0.04217024223264613,-0.06221501414708671,-0.10313156294094658,1.0,0.17811113189457425,-0.17811113189457461,-0.11209165803023742,-0.011994488299681963,-0.06778209785709907,-0.01037982282857571,0.15922497863613624
stalk-shape_enlarging,-0.1020190170165598,0.10201901701656099,0.20540354624231227,0.2054035462423126,0.1781111318945737,-0.2413034293002295,0.2030977268686293,0.07637697983014254,-0.24805211787217613,0.2064997874809837,-0.24130342930022963,0.21457620553119783,-0.21457620553119744,0.044842561823602786,-0.045630343120060174,-0.4540313483569239,0.11036407663197599,0.36563525057270274,0.062315332035945165,0.10201270605542079,0.06048921190612926,-0.15929062925409113,0.1251882984630976,0.08521433740698009,0.11841508381120047,-0.21215482332622518,0.062315332035945144,0.2630539383363002,-0.14473980102838271,-0.10984344114352276,-0.10422164557866928,0.0882580373545157,0.3954079213657752,0.10825455200961859,0.08825803735451565,-0.06734272121060682,-0.2036881898819819,0.0882580373545157,-0.17827717257611267,0.21788781346077968,0.2440849854463265,-0.21179083545064314,-0.09936422208135211,0.09936422208135239,0.0808954848783285,-0.08089548487832893,-0.1945643779257203,0.23925986144383016,0.26051975742188016,0.1239330265183571,-0.2685555831063395,0.06521839778080268,0.01483304604571314,0.3102977568719263,-0.09564572849947413,-0.17334542068023306,0.17811113189457425,1.0,-0.9999999999999999,-0.48266531118360934,0.08825803735451558,0.49875532621077867,0.07637697983014254,0.06892663302219199
stalk-shape_tapering,0.10201901701655966,-0.1020190170165608,-0.20540354624231263,-0.2054035462423129,-0.17811113189457353,0.24130342930022916,-0.203097726868629,-0.07637697983014252,0.24805211787217638,-0.20649978748098374,0.24130342930022938,-0.2145762055311973,0.2145762055311969,-0.044842561823603064,0.04563034312006012,0.4540313483569231,-0.11036407663197585,-0.3656352505727029,-0.06231533203594512,-0.10201270605542075,-0.06048921190612899,0.15929062925409151,-0.12518829846309756,-0.08521433740698009,-0.1184150838112005,0.2121548233262252,-0.06231533203594512,-0.2630539383362998,0.1447398010283826,0.10984344114352299,0.10422164557866918,-0.08825803735451569,-0.3954079213657747,-0.10825455200961871,-0.08825803735451569,0.06734272121060676,0.20368818988198142,-0.08825803735451569,0.17827717257611253,-0.21788781346077982,-0.2440849854463266,0.21179083545064298,0.09936422208135222,-0.09936422208135255,-0.08089548487832832,0.08089548487832876,0.19456437792572015,-0.23925986144383027,-0.2605197574218805,-0.12393302651835729,0.26855558310633937,-0.06521839778080213,-0.014833046045712147,-0.3102977568719269,0.09564572849947396,0.1733454206802328,-0.17811113189457461,-0.9999999999999999,1.0,0.4826653111836084,-0.0882580373545155,-0.498755326210778,-0.07637697983014252,-0.0689266330221918
ring-type_evanescent,-0.22328591679316376,0.22328591679316287,-0.16395433148074443,-0.16395433148074484,-0.11209165803023725,0.38342573995214196,-0.09521329313563415,-0.048066744697182466,-0.08248485837039504,-0.12995764675357815,0.3834257399521417,-0.5377722310885467,0.5377722310885468,0.06248843136634562,-0.1286096616583853,0.7214456346935041,-0.05268731969934009,-0.2301072427929711,-0.03921725056886605,-0.0642002172479129,-0.21303033297236137,-0.18292682735607987,0.1517811723653512,-0.16865383785398513,-0.06437900248655432,0.2262486074929355,-0.000960653111917431,0.048792999198191904,-0.1644431996641481,-0.1575724794234204,-0.17474602741682826,-0.055543915960390704,-0.3612308667930556,-0.06812843248484436,-0.0555439159603907,-0.05554391596039072,0.6790837101307321,-0.055543915960390655,0.2014248736422981,-0.08060386925887143,0.044171442716518315,-0.118341859018557,-0.5064055436991901,0.5064055436991908,-0.26496222918148066,0.2649622291814796,0.30915843504933954,0.10863638351767975,-0.16395433148074462,-0.030551103687998224,0.22191405580513282,-0.37227952826688154,-0.64642879025847,-0.18705846509223467,0.2900496643897502,0.6225014752919295,-0.11209165803023742,-0.48266531118360934,0.4826653111836084,1.0,-0.055543915960390586,-0.31388443199310995,-0.04806674469718245,-0.7039828737323418
ring-type_flaring,0.0743713970253801,-0.07437139702538,-0.017544109393916544,-0.017544109393916565,-0.011994488299681904,-0.021296967076952347,-0.046395998074421185,-0.005143433659609438,0.0879930122997457,-0.013906257618381346,-0.021296967076952368,-0.11523156950216246,0.11523156950216251,-0.017727864990166518,-0.029669429309495877,-0.04007191570340642,0.04305217480640763,-0.02462287274408789,-0.004196484032443057,-0.006869813223829782,0.013210052949816005,0.06122930799827975,-0.008430520682230604,0.02215689822330952,-0.007974393976228318,-0.020815492926823918,-0.0041964840324430425,-0.049507428304735326,0.058182056711972206,-0.04218576228351835,-0.04358988317006976,-0.005943536404160478,0.1537629285489901,-0.0072901561157628835,-0.005943536404160482,-0.005943536404160484,-0.04974335271139807,-0.005943536404160469,0.2730053964817771,-0.014673158277077913,-0.04850675348024657,-0.09592921325514751,-0.06500822788383023,0.06500822788382989,0.03383390000468576,-0.03383390000468584,-0.017171870134826364,-0.016112410146100337,-0.017544109393916436,-0.03284443702801237,0.00041755298730575014,0.054681659824923595,-0.07184452679810809,-0.020896295333302742,-0.030828926772839934,0.11630278798887138,-0.011994488299681963,0.08825803735451558,-0.0882580373545155,-0.055543915960390586,1.0,-0.0335875408853179,-0.005143433659609438,-0.07533044376844905
ring-type_large,-0.45161906631733206,0.451619066317332,-0.09914358245575416,-0.09914358245575422,-0.06778209785709881,-0.12035137059641607,0.7239318535931046,-0.029066077262036034,-0.38170691066812096,-0.07858570463069654,-0.12035137059641568,0.29147863758540116,-0.29147863758540093,-0.10018200439553349,-0.16766502334858638,-0.2264505532596785,0.37008898996833195,0.36192869044714254,-0.023714766669150115,-0.038822027298152324,0.16841572885827408,-0.11061629679162822,-0.04764174707514654,-0.18154829762646132,-0.04506412773457786,-0.11763051021919302,-0.023714766669150046,0.6784343690521536,-0.5772834922558981,-0.2383961196038344,-0.24633095241683098,-0.0335875408853179,0.8689302627422747,-0.041197428592703686,-0.03358754088531787,-0.03358754088531801,-0.2811048472416767,-0.033587540885317804,-0.12302885334195167,-0.08291953982196697,0.692430197353772,-0.5421059371400887,-0.3673682406322553,0.3673682406322545,0.19119887932740934,-0.19119887932740934,-0.09704001978134076,-0.09105290146188602,-0.09914358245575407,-0.18560732138553038,0.002359635254038527,0.3090117331091015,0.46750312629524415,-0.11808713300177352,-0.17421746381639222,-0.2887939443767379,-0.06778209785709907,0.49875532621077867,-0.498755326210778,-0.31388443199310995,-0.0335875408853179,1.0,-0.029066077262036034,-0.4257001535669571
ring-type_none,-0.06915876083185807,0.06915876083185794,-0.015182368988498982,-0.015182368988498993,-0.010379822828575665,-0.018430027152607848,-0.04015029469662342,1.0,-0.05845275124902519,-0.01203423494866027,-0.018430027152607876,0.04463562964412196,-0.044635629644122016,-0.015341387904952852,-0.025675411235816136,-0.034677543135709164,-0.020994485713698198,-0.021308208422778335,-0.003631564738018958,-0.005945017607016268,-0.0316441060922311,-0.016939245006415728,-0.007295626861924378,0.06614982215383089,0.3190463850853358,-0.0180133677462199,-0.0036315647380189514,0.10389215993910697,-0.08840240359793047,-0.03650682942455705,-0.03772193136706276,-0.005143433659609445,-0.03345041427180344,-0.006308775079323964,-0.0051434336596094385,-0.0051434336596094385,0.10339941679143917,-0.005143433659609433,-0.01884004391815293,0.35053350904313346,-0.04197690593668018,-0.08301548284469076,-0.05625699662833687,0.05625699662833678,0.029279272185183242,-0.029279272185183586,-0.01486023956849701,0.3192218676765942,-0.01518236898849885,-0.028423008029789937,-0.06635573971679992,-0.03447353366004788,-0.06217301153122116,0.24614093443694168,-0.026678820296627204,-0.04422450870310646,-0.01037982282857571,0.07637697983014254,-0.07637697983014252,-0.04806674469718245,-0.005143433659609438,-0.029066077262036034,1.0,-0.06518966381710702
ring-type_pendant,0.5404689127747067,-0.5404689127747064,0.23289534106348597,0.23289534106348586,0.1592249786361353,-0.2699251542744577,-0.42751382777064745,-0.06518966381710702,0.3521508627244127,0.18460342091076043,-0.26992515427445823,0.30846586162962364,-0.30846586162962397,0.01885288770387486,0.25280712220692464,-0.5078853711531842,-0.2249219156721807,-0.040187914794029965,0.05570767703615538,0.09119570893470615,0.08093627695911694,0.2474568620926986,-0.10685134590022387,0.28082422016056063,0.052923500299276754,-0.12291533096124205,0.019409219525590056,-0.5494837760707025,0.581730193090975,0.33545840409238664,0.35794217761936276,0.07889952729376833,-0.3129063065175552,0.09677569586834436,0.07889952729376838,0.07889952729376935,-0.4445201555715848,0.07889952729376831,-0.14034612944390842,0.09289129452863679,-0.5361219902858594,0.5351322386857607,0.7670361113113325,-0.7670361113113318,0.10226341341490065,-0.10226341341489954,-0.21764224354462608,-0.07632363395294765,0.23289534106348367,0.17376278806364592,-0.2035309280325767,0.12306114504755232,0.29015792695749504,0.2344838545392462,-0.13931242478911252,-0.39104377817431474,0.15922497863613624,0.06892663302219199,-0.0689266330221918,-0.7039828737323418,-0.07533044376844905,-0.4257001535669571,-0.06518966381710702,1.0
